risk_level,stocks,bonds,cash,gold,metric_expected_return,metric_volatility,metric_sharpe_ratio
conservative,0.3,0.5,0.15,0.05,0.0675,0.062245481763739285,0.60245336588985
moderate,0.5,0.3,0.1,0.1,0.082,0.09300537618869137,0.5591074637932892
aggressive,0.7,0.15,0.05,0.1,0.09699999999999999,0.12720947291770374,0.5266903357373758
